{
  "pregunta_tres": {
    "precision": 1.0,
    "recall": 0.8,
    "f1-score": 0.888888888888889,
    "support": 5,
    "confused_with": {}
  },
  "num_coffee": {
    "precision": 1.0,
    "recall": 1.0,
    "f1-score": 1.0,
    "support": 4,
    "confused_with": {}
  },
  "song": {
    "precision": 1.0,
    "recall": 1.0,
    "f1-score": 1.0,
    "support": 5,
    "confused_with": {}
  },
  "micro avg": {
    "precision": 1.0,
    "recall": 0.9285714285714286,
    "f1-score": 0.962962962962963,
    "support": 14
  },
  "macro avg": {
    "precision": 1.0,
    "recall": 0.9333333333333332,
    "f1-score": 0.9629629629629629,
    "support": 14
  },
  "weighted avg": {
    "precision": 1.0,
    "recall": 0.9285714285714286,
    "f1-score": 0.9603174603174603,
    "support": 14
  },
  "accuracy": 0.9999415853729774
}